NOM_REG,COD_PROV,NOM_PROV,COD_COM,NOM_COM,NOM_DIS,CODIGO,E,D,C3,C2,ABC1,ADIMARK_T,Area,Densidad,1_UF_M2
Región Metropolitana De Santiago,131,Santiago,13101,Santiago,Huelén,1310101.0,28.0,397.0,1232.0,1390.0,365.0,3412.0,704315.75,48.44,31.09
Región Metropolitana De Santiago,131,Santiago,13101,Santiago,Moneda,1310102.0,51.0,560.0,999.0,903.0,228.0,2741.0,1166659.89,23.49,21.1
Región Metropolitana De Santiago,131,Santiago,13101,Santiago,Amunátegui,1310103.0,38.0,389.0,956.0,891.0,113.0,2387.0,509080.85,46.89,12.0
Región Metropolitana De Santiago,131,Santiago,13101,Santiago,Brasil,1310104.0,52.0,657.0,1728.0,2202.0,423.0,5062.0,761738.52,66.45,10.25
Región Metropolitana De Santiago,131,Santiago,13101,Santiago,Chacabuco,1310105.0,45.0,643.0,1092.0,974.0,145.0,2899.0,765782.74,37.86,11.87
Región Metropolitana De Santiago,131,Santiago,13101,Santiago,Portales,1310106.0,81.0,741.0,1268.0,1096.0,151.0,3337.0,618570.13,53.95,8.91
Región Metropolitana De Santiago,131,Santiago,13101,Santiago,Matucana,1310107.0,50.0,602.0,812.0,559.0,98.0,2121.0,556810.27,38.09,7.5
Región Metropolitana De Santiago,131,Santiago,13101,Santiago,San Saturnino,1310108.0,97.0,810.0,1078.0,910.0,162.0,3057.0,668277.97,45.74,6.35
Región Metropolitana De Santiago,131,Santiago,13101,Santiago,Mapocho,1310109.0,127.0,868.0,1167.0,762.0,148.0,3072.0,817926.27,37.56,7.45
Región Metropolitana De Santiago,131,Santiago,13101,Santiago,Vicuña Mackenna,1310110.0,28.0,394.0,1225.0,1674.0,444.0,3765.0,592695.23,63.52,18.44
Región Metropolitana De Santiago,131,Santiago,13101,Santiago,San Isidro,1310111.0,53.0,779.0,1892.0,2159.0,428.0,5311.0,996791.06,53.28,14.81
Región Metropolitana De Santiago,131,Santiago,13101,Santiago,Universidad,1310112.0,35.0,429.0,880.0,912.0,130.0,2386.0,626749.74,38.07,14.05
Región Metropolitana De Santiago,131,Santiago,13101,Santiago,Almagro,1310113.0,33.0,404.0,1037.0,1211.0,257.0,2942.0,869721.84,33.83,14.31
Región Metropolitana De Santiago,131,Santiago,13101,Santiago,Porvenir,1310114.0,40.0,466.0,785.0,687.0,93.0,2071.0,677902.82,30.55,16.32
Región Metropolitana De Santiago,131,Santiago,13101,Santiago,San Diego,1310115.0,82.0,738.0,957.0,697.0,101.0,2575.0,783014.93,32.89,9.87
Región Metropolitana De Santiago,131,Santiago,13101,Santiago,Santa Elena,1310116.0,57.0,434.0,465.0,339.0,38.0,1333.0,728870.99,18.29,11.0
Región Metropolitana De Santiago,131,Santiago,13101,Santiago,Carmen,1310117.0,100.0,949.0,993.0,553.0,60.0,2655.0,1015736.1,26.14,11.41
Región Metropolitana De Santiago,131,Santiago,13101,Santiago,Victoria,1310118.0,54.0,409.0,550.0,350.0,71.0,1434.0,676207.24,21.21,9.22
Región Metropolitana De Santiago,131,Santiago,13101,Santiago,Valparaíso,1310119.0,98.0,672.0,892.0,538.0,106.0,2306.0,797336.28,28.92,8.55
Región Metropolitana De Santiago,131,Santiago,13101,Santiago,Franklin,1310120.0,79.0,587.0,937.0,534.0,90.0,2227.0,1021375.59,21.8,10.45
Región Metropolitana De Santiago,131,Santiago,13101,Santiago,Matadero,1310121.0,37.0,494.0,777.0,547.0,98.0,1953.0,932960.4,20.93,7.0
Región Metropolitana De Santiago,131,Santiago,13101,Santiago,Parque O'Higgins,1310122.0,18.0,138.0,239.0,177.0,22.0,594.0,1418247.97,4.19,8.85
Región Metropolitana De Santiago,131,Santiago,13101,Santiago,Club Hípico,1310123.0,34.0,247.0,263.0,181.0,20.0,745.0,1079917.29,6.9,9.26
Región Metropolitana De Santiago,131,Santiago,13101,Santiago,San Eugenio,1310124.0,60.0,793.0,940.0,613.0,60.0,2466.0,1026292.61,24.03,5.32
Región Metropolitana De Santiago,131,Santiago,13101,Santiago,Exposición,1310125.0,87.0,533.0,549.0,264.0,34.0,1467.0,570270.85,25.72,7.74
Región Metropolitana De Santiago,131,Santiago,13101,Santiago,San Alfonso,1310126.0,54.0,357.0,320.0,120.0,2.0,853.0,499583.43,17.07,17.93
Región Metropolitana De Santiago,131,Santiago,13101,Santiago,Avenida España,1310127.0,74.0,769.0,1230.0,1027.0,96.0,3196.0,802330.57,39.83,11.63
Región Metropolitana De Santiago,131,Santiago,13101,Santiago,Ejército,1310128.0,24.0,373.0,1003.0,1211.0,226.0,2837.0,684167.58,41.47,12.0
Región Metropolitana De Santiago,131,Santiago,13101,Santiago,Quinta Normal,1310129.0,13.0,58.0,81.0,41.0,5.0,198.0,732908.67,2.7,5.61
Región Metropolitana De Santiago,131,Santiago,13102,Cerrillos,Cerrillos,1310201.0,71.0,675.0,835.0,494.0,69.0,2144.0,8062397.85,2.66,2.58
Región Metropolitana De Santiago,131,Santiago,13102,Cerrillos,Villa México,1310202.0,92.0,1298.0,1446.0,790.0,76.0,3702.0,1572229.77,23.55,2.34
Región Metropolitana De Santiago,131,Santiago,13102,Cerrillos,Divino Maestro,1310203.0,1005.0,4417.0,2133.0,596.0,15.0,8166.0,2561179.37,31.88,2.74
Región Metropolitana De Santiago,131,Santiago,13102,Cerrillos,Lo Errázuriz,1310204.0,451.0,2344.0,1784.0,760.0,55.0,5394.0,4526883.64,11.92,1.95
Región Metropolitana De Santiago,131,Santiago,13103,Cerro Navia,Cerro Navia,1310301.0,765.0,3370.0,1674.0,319.0,13.0,6141.0,1782987.73,34.44,2.89
Región Metropolitana De Santiago,131,Santiago,13103,Cerro Navia,Janequeo,1310302.0,607.0,2743.0,1479.0,354.0,8.0,5191.0,1199066.92,43.29,4.45
Región Metropolitana De Santiago,131,Santiago,13103,Cerro Navia,José Joaquín Pérez,1310303.0,402.0,1692.0,832.0,191.0,2.0,3119.0,782648.18,39.85,5.83
Región Metropolitana De Santiago,131,Santiago,13103,Cerro Navia,Población Roosevelt,1310304.0,406.0,1890.0,966.0,235.0,8.0,3505.0,736670.33,47.58,5.26
Región Metropolitana De Santiago,131,Santiago,13103,Cerro Navia,Dalmacia,1310305.0,454.0,1672.0,782.0,159.0,3.0,3070.0,746474.13,41.13,3.68
Región Metropolitana De Santiago,131,Santiago,13103,Cerro Navia,El Montijo,1310306.0,433.0,2387.0,1191.0,237.0,7.0,4255.0,838514.51,50.74,5.14
Región Metropolitana De Santiago,131,Santiago,13103,Cerro Navia,Violeta Parra,1310307.0,467.0,2856.0,1899.0,439.0,32.0,5693.0,1319674.6,43.14,3.87
Región Metropolitana De Santiago,131,Santiago,13103,Cerro Navia,Victoria,1310308.0,467.0,2210.0,1106.0,261.0,10.0,4054.0,968335.39,41.87,5.06
Región Metropolitana De Santiago,131,Santiago,13103,Cerro Navia,Río Viejo,1310309.0,342.0,1997.0,1113.0,200.0,3.0,3655.0,2805357.55,13.03,3.22
Región Metropolitana De Santiago,131,Santiago,13104,Conchalí,Conchalí,1310401.0,104.0,1133.0,963.0,425.0,28.0,2653.0,835799.1,31.74,5.4
Región Metropolitana De Santiago,131,Santiago,13104,Conchalí,Juanita Aguirre,1310402.0,202.0,1664.0,1632.0,680.0,66.0,4244.0,1373158.23,30.91,6.38
Región Metropolitana De Santiago,131,Santiago,13104,Conchalí,Pomaire,1310403.0,399.0,2163.0,1433.0,390.0,14.0,4399.0,1168569.0,37.64,4.15
Región Metropolitana De Santiago,131,Santiago,13104,Conchalí,Eneas Gonel,1310404.0,262.0,1795.0,1243.0,410.0,24.0,3734.0,868201.14,43.01,4.45
Región Metropolitana De Santiago,131,Santiago,13104,Conchalí,La Palma,1310405.0,350.0,2106.0,1814.0,932.0,72.0,5274.0,1535058.55,34.36,5.87
Región Metropolitana De Santiago,131,Santiago,13104,Conchalí,Monterrey,1310406.0,152.0,1059.0,834.0,317.0,26.0,2388.0,844525.54,28.28,5.48
Región Metropolitana De Santiago,131,Santiago,13104,Conchalí,El Cortijo,1310407.0,119.0,833.0,708.0,287.0,24.0,1971.0,863384.17,22.83,5.27
Región Metropolitana De Santiago,131,Santiago,13104,Conchalí,Luther King,1310408.0,304.0,1857.0,1386.0,505.0,40.0,4092.0,1407912.93,29.06,4.69
Región Metropolitana De Santiago,131,Santiago,13104,Conchalí,Municipalidad,1310409.0,96.0,979.0,1269.0,693.0,95.0,3132.0,1076177.02,29.1,4.37
Región Metropolitana De Santiago,131,Santiago,13104,Conchalí,El Comendador,1310410.0,174.0,1396.0,1296.0,575.0,43.0,3484.0,966986.62,36.03,6.06
Región Metropolitana De Santiago,131,Santiago,13105,El Bosque,El Bosque,1310501.0,267.0,1944.0,1587.0,681.0,43.0,4522.0,4310150.84,10.49,3.71
Región Metropolitana De Santiago,131,Santiago,13105,El Bosque,Lagos de Chile,1310502.0,319.0,1567.0,1030.0,389.0,7.0,3312.0,970551.08,34.12,4.02
Región Metropolitana De Santiago,131,Santiago,13105,El Bosque,Capitán Avalos,1310503.0,82.0,617.0,603.0,262.0,10.0,1574.0,763250.0,20.62,5.42
Región Metropolitana De Santiago,131,Santiago,13105,El Bosque,Sargento Aldea,1310504.0,181.0,1160.0,885.0,336.0,11.0,2573.0,810057.28,31.76,3.17
Región Metropolitana De Santiago,131,Santiago,13105,El Bosque,Aviadores,1310505.0,361.0,2346.0,1736.0,584.0,39.0,5066.0,1199326.45,42.24,4.7
Región Metropolitana De Santiago,131,Santiago,13105,El Bosque,Santa Elena,1310506.0,587.0,3300.0,2251.0,569.0,44.0,6751.0,1614750.87,41.81,3.83
Región Metropolitana De Santiago,131,Santiago,13105,El Bosque,El Almendro,1310507.0,623.0,3159.0,1676.0,345.0,10.0,5813.0,1007323.96,57.71,3.67
Región Metropolitana De Santiago,131,Santiago,13105,El Bosque,León XIII,1310508.0,403.0,2592.0,2137.0,841.0,51.0,6024.0,1678366.58,35.89,3.37
Región Metropolitana De Santiago,131,Santiago,13105,El Bosque,Los Cóndores,1310509.0,450.0,2217.0,1519.0,587.0,29.0,4802.0,1135205.31,42.3,5.33
Región Metropolitana De Santiago,131,Santiago,13105,El Bosque,Las Parcelas,1310510.0,270.0,2345.0,1669.0,383.0,21.0,4688.0,640108.41,73.24,3.71
Región Metropolitana De Santiago,131,Santiago,13106,Estación Central,Estación Central,1310601.0,31.0,170.0,176.0,73.0,4.0,454.0,748155.86,6.07,5.03
Región Metropolitana De Santiago,131,Santiago,13106,Estación Central,Maestranza,1310602.0,70.0,395.0,268.0,81.0,2.0,816.0,1226240.83,6.65,5.71
Región Metropolitana De Santiago,131,Santiago,13106,Estación Central,Hermanos Carrera,1310603.0,134.0,785.0,836.0,244.0,21.0,2020.0,640897.07,31.52,3.6
Región Metropolitana De Santiago,131,Santiago,13106,Estación Central,Nogales,1310604.0,49.0,877.0,1450.0,545.0,69.0,2990.0,660868.54,45.24,5.01
Región Metropolitana De Santiago,131,Santiago,13106,Estación Central,La Araucana,1310605.0,98.0,793.0,652.0,280.0,19.0,1842.0,665188.82,27.69,4.28
Región Metropolitana De Santiago,131,Santiago,13106,Estación Central,Infante Cerda,1310606.0,131.0,1198.0,1397.0,800.0,96.0,3622.0,904057.02,40.06,5.03
Región Metropolitana De Santiago,131,Santiago,13106,Estación Central,Chuchunco,1310607.0,222.0,1646.0,1477.0,630.0,46.0,4021.0,1431109.8,28.1,4.57
Región Metropolitana De Santiago,131,Santiago,13106,Estación Central,Las Parcelas,1310608.0,98.0,1056.0,1552.0,1224.0,139.0,4069.0,2825470.47,14.4,5.41
Región Metropolitana De Santiago,131,Santiago,13106,Estación Central,Las Rejas,1310609.0,75.0,725.0,676.0,345.0,26.0,1847.0,513102.98,36.0,7.0
Región Metropolitana De Santiago,131,Santiago,13106,Estación Central,Pila del Ganso,1310610.0,57.0,943.0,1325.0,1106.0,165.0,3596.0,1266521.96,28.39,10.92
Región Metropolitana De Santiago,131,Santiago,13106,Estación Central,Ecuador,1310611.0,61.0,438.0,941.0,671.0,190.0,2301.0,813812.96,28.27,9.01
Región Metropolitana De Santiago,131,Santiago,13106,Estación Central,Universidad Técnica,1310612.0,59.0,564.0,773.0,566.0,140.0,2102.0,902231.02,23.3,8.61
Región Metropolitana De Santiago,131,Santiago,13106,Estación Central,Bernal del Mercado,1310613.0,202.0,1198.0,965.0,374.0,10.0,2749.0,1025201.66,26.81,10.17
Región Metropolitana De Santiago,131,Santiago,13106,Estación Central,Aeropuerto,1310614.0,331.0,1560.0,832.0,217.0,10.0,2950.0,699256.08,42.19,2.97
Región Metropolitana De Santiago,131,Santiago,13107,Huechuraba,Huechuraba,1310701.0,352.0,1927.0,2078.0,1789.0,280.0,6426.0,19846204.0,3.24,1.85
Región Metropolitana De Santiago,131,Santiago,13107,Huechuraba,La Pincoya,1310702.0,361.0,2000.0,1353.0,346.0,24.0,4084.0,5206863.35,7.84,1.24
Región Metropolitana De Santiago,131,Santiago,13107,Huechuraba,Avenida Principal,1310703.0,158.0,1175.0,850.0,186.0,21.0,2390.0,12945906.9,1.85,0.4
Región Metropolitana De Santiago,131,Santiago,13107,Huechuraba,República de Francia,1310704.0,372.0,1824.0,1064.0,271.0,17.0,3548.0,994015.7,35.69,4.48
Región Metropolitana De Santiago,131,Santiago,13107,Huechuraba,La Pir mide,1310705.0,2.0,24.0,168.0,275.0,49.0,518.0,3782869.39,1.37,5.22
Región Metropolitana De Santiago,131,Santiago,13107,Huechuraba,Parque del Recuerdo,1310706.0,75.0,563.0,544.0,164.0,16.0,1362.0,2322036.92,5.87,4.7
Región Metropolitana De Santiago,131,Santiago,13108,Independencia,Independencia,1310801.0,76.0,978.0,1423.0,972.0,165.0,3614.0,1252451.09,28.86,8.72
Región Metropolitana De Santiago,131,Santiago,13108,Independencia,Juan Antonio Ríos,1310802.0,132.0,1374.0,1622.0,1002.0,136.0,4266.0,1242152.5,34.34,6.41
Región Metropolitana De Santiago,131,Santiago,13108,Independencia,Miraflores,1310803.0,165.0,1558.0,1824.0,826.0,121.0,4494.0,1784145.04,25.19,5.99
Región Metropolitana De Santiago,131,Santiago,13108,Independencia,Hipódromo,1310804.0,20.0,348.0,496.0,341.0,54.0,1259.0,680063.83,18.51,9.53
Región Metropolitana De Santiago,131,Santiago,13108,Independencia,Santa Laura,1310805.0,39.0,549.0,1005.0,912.0,195.0,2700.0,1199003.18,22.52,7.78
Región Metropolitana De Santiago,131,Santiago,13108,Independencia,El Molino,1310806.0,59.0,601.0,799.0,664.0,120.0,2243.0,808135.25,27.76,7.07
Región Metropolitana De Santiago,131,Santiago,13108,Independencia,Escuela de Medicina,1310807.0,6.0,91.0,212.0,150.0,37.0,496.0,523515.68,9.47,7.54
Región Metropolitana De Santiago,131,Santiago,13109,La Cisterna,La Cisterna,1310901.0,147.0,1314.0,1650.0,980.0,120.0,4211.0,2018762.87,20.86,3.67
Región Metropolitana De Santiago,131,Santiago,13109,La Cisterna,Ochagavía,1310902.0,156.0,1236.0,1531.0,994.0,135.0,4052.0,1759762.0,23.03,4.79
Región Metropolitana De Santiago,131,Santiago,13109,La Cisterna,Lo Ovalle,1310903.0,68.0,1015.0,1768.0,1589.0,403.0,4843.0,1665542.63,29.08,4.97
Región Metropolitana De Santiago,131,Santiago,13109,La Cisterna,El Parrón,1310904.0,72.0,1084.0,1686.0,1194.0,146.0,4182.0,1603456.62,26.08,4.29
Región Metropolitana De Santiago,131,Santiago,13109,La Cisterna,Vicuña Mackenna,1310905.0,19.0,465.0,1008.0,809.0,208.0,2509.0,1307796.37,19.18,4.12
Región Metropolitana De Santiago,131,Santiago,13109,La Cisterna,La Cultura,1310906.0,52.0,786.0,1670.0,1188.0,275.0,3971.0,1656081.28,23.98,4.49
Región Metropolitana De Santiago,131,Santiago,13110,La Florida,La Florida Oriente,1311001.0,93.0,678.0,1006.0,1018.0,416.0,3211.0,1843168.44,17.42,14.5
Región Metropolitana De Santiago,131,Santiago,13110,La Florida,La Alborada,1311002.0,105.0,1467.0,1968.0,1196.0,79.0,4815.0,1260713.44,38.19,9.46
Región Metropolitana De Santiago,131,Santiago,13110,La Florida,Santa Raquel,1311003.0,57.0,613.0,1644.0,2508.0,899.0,5721.0,2018669.92,28.34,8.44
Región Metropolitana De Santiago,131,Santiago,13110,La Florida,O'Higgins,1311004.0,54.0,573.0,923.0,796.0,61.0,2407.0,1448936.23,16.61,6.73
Región Metropolitana De Santiago,131,Santiago,13110,La Florida,San Rafael,1311005.0,141.0,1330.0,2465.0,1021.0,160.0,5117.0,1336696.38,38.28,2.71
Región Metropolitana De Santiago,131,Santiago,13110,La Florida,Walker Martínez,1311006.0,35.0,720.0,2492.0,2561.0,1109.0,6917.0,2648955.99,26.11,3.5
Región Metropolitana De Santiago,131,Santiago,13110,La Florida,Canal Las Perdices,1311007.0,116.0,986.0,1248.0,824.0,153.0,3327.0,40206110.3,0.83,0.55
Región Metropolitana De Santiago,131,Santiago,13110,La Florida,Santa Julia,1311008.0,50.0,505.0,1050.0,1560.0,311.0,3476.0,1748325.99,19.88,4.68
Región Metropolitana De Santiago,131,Santiago,13110,La Florida,Santa Inés,1311009.0,6.0,303.0,1030.0,2433.0,603.0,4375.0,2224684.95,19.67,5.98
Región Metropolitana De Santiago,131,Santiago,13110,La Florida,Santa Amalia,1311010.0,88.0,1012.0,1844.0,2057.0,404.0,5405.0,2104737.39,25.68,4.39
Región Metropolitana De Santiago,131,Santiago,13110,La Florida,San Jorge,1311011.0,239.0,2337.0,2982.0,1541.0,82.0,7181.0,1947383.85,36.88,4.95
Región Metropolitana De Santiago,131,Santiago,13110,La Florida,San Pedro,1311012.0,93.0,1215.0,1459.0,1094.0,60.0,3921.0,1398213.29,28.04,4.83
Región Metropolitana De Santiago,131,Santiago,13110,La Florida,María Elena,1311013.0,63.0,917.0,1372.0,888.0,136.0,3376.0,1171528.71,28.82,4.53
Región Metropolitana De Santiago,131,Santiago,13110,La Florida,Pozo Arenero,1311014.0,245.0,2445.0,2529.0,887.0,81.0,6187.0,1219202.78,50.75,2.74
Región Metropolitana De Santiago,131,Santiago,13110,La Florida,San José de la Estrella,1311015.0,240.0,1997.0,2275.0,783.0,68.0,5363.0,758293.27,70.72,4.94
Región Metropolitana De Santiago,131,Santiago,13110,La Florida,General Arriagada,1311016.0,169.0,1429.0,1912.0,1448.0,222.0,5180.0,1768866.77,29.28,4.28
Región Metropolitana De Santiago,131,Santiago,13110,La Florida,Avenida Trinidad,1311017.0,244.0,2177.0,2425.0,1334.0,147.0,6327.0,1651735.72,38.31,3.74
Región Metropolitana De Santiago,131,Santiago,13110,La Florida,Punta Arenas,1311018.0,117.0,1200.0,1465.0,794.0,104.0,3680.0,997927.3,36.88,4.35
Región Metropolitana De Santiago,131,Santiago,13110,La Florida,Manutara,1311019.0,275.0,1863.0,1467.0,662.0,41.0,4308.0,1096451.85,39.29,8.57
Región Metropolitana De Santiago,131,Santiago,13110,La Florida,Sótero del Río,1311020.0,638.0,2498.0,1265.0,273.0,9.0,4683.0,1019582.12,45.93,3.94
Región Metropolitana De Santiago,131,Santiago,13110,La Florida,Lía Aguirre,1311021.0,123.0,1000.0,1398.0,947.0,62.0,3530.0,1281932.87,27.54,7.45
Región Metropolitana De Santiago,131,Santiago,13111,La Granja,La Granja,1311101.0,295.0,1965.0,1266.0,397.0,15.0,3938.0,1175543.2,33.5,4.22
Región Metropolitana De Santiago,131,Santiago,13111,La Granja,San Gregorio Poniente,1311102.0,606.0,2470.0,1105.0,229.0,4.0,4414.0,1378966.69,32.01,4.42
Región Metropolitana De Santiago,131,Santiago,13111,La Granja,Malaquías Concha,1311103.0,164.0,1621.0,1527.0,533.0,33.0,3878.0,2058412.47,18.84,3.1
Región Metropolitana De Santiago,131,Santiago,13111,La Granja,Avenida Central,1311104.0,177.0,1509.0,1014.0,303.0,13.0,3016.0,684277.28,44.08,4.63
Región Metropolitana De Santiago,131,Santiago,13111,La Granja,Parque Intercomunal,1311105.0,345.0,2486.0,1479.0,432.0,9.0,4751.0,1531217.16,31.03,4.61
Región Metropolitana De Santiago,131,Santiago,13111,La Granja,San Gregorio Oriente,1311106.0,473.0,1900.0,871.0,190.0,5.0,3439.0,1093213.67,31.46,4.0
Región Metropolitana De Santiago,131,Santiago,13111,La Granja,San José de La Estrella,1311107.0,337.0,2705.0,2522.0,778.0,23.0,6365.0,1217314.3,52.29,6.01
Región Metropolitana De Santiago,131,Santiago,13111,La Granja,Santa Rosa,1311108.0,367.0,2184.0,1214.0,313.0,13.0,4091.0,914147.84,44.75,6.62
Región Metropolitana De Santiago,131,Santiago,13112,La Pintana,Mapuhué,1311201.0,131.0,625.0,477.0,216.0,8.0,1457.0,12235765.1,1.19,0.71
Región Metropolitana De Santiago,131,Santiago,13112,La Pintana,San Ricardo,1311202.0,662.0,2800.0,1259.0,241.0,4.0,4966.0,1036191.43,47.93,4.17
Región Metropolitana De Santiago,131,Santiago,13112,La Pintana,Pablo de Rokha,1311203.0,1122.0,4054.0,1498.0,225.0,2.0,6901.0,1635960.44,42.18,4.76
Región Metropolitana De Santiago,131,Santiago,13112,La Pintana,Antumapu,1311204.0,739.0,3536.0,1621.0,298.0,5.0,6199.0,4373044.06,14.18,2.06
Región Metropolitana De Santiago,131,Santiago,13112,La Pintana,La Platina,1311205.0,1439.0,5326.0,1910.0,281.0,5.0,8961.0,5709098.78,15.7,2.29
Región Metropolitana De Santiago,131,Santiago,13112,La Pintana,Rey Don Felipe,1311206.0,711.0,2109.0,667.0,109.0,1.0,3597.0,1199668.47,29.98,7.26
Región Metropolitana De Santiago,131,Santiago,13112,La Pintana,Vicente Llanos,1311207.0,226.0,1577.0,2672.0,1115.0,114.0,5704.0,1021500.51,55.84,5.19
Región Metropolitana De Santiago,131,Santiago,13112,La Pintana,La Primavera,1311208.0,127.0,1747.0,5270.0,1937.0,156.0,9237.0,3440008.78,26.85,1.77
Región Metropolitana De Santiago,131,Santiago,13113,La Reina,Larra¡n,1311301.0,3.0,85.0,589.0,1266.0,1633.0,3576.0,1491574.48,23.97,6.07
Región Metropolitana De Santiago,131,Santiago,13113,La Reina,Lynch Norte,1311302.0,3.0,76.0,403.0,914.0,921.0,2317.0,956545.82,24.22,7.41
Región Metropolitana De Santiago,131,Santiago,13113,La Reina,Príncipe de Gales,1311303.0,5.0,245.0,1133.0,2153.0,455.0,3991.0,2723737.92,14.65,8.24
Región Metropolitana De Santiago,131,Santiago,13113,La Reina,Parque La Quintrala,1311304.0,8.0,239.0,767.0,1527.0,1049.0,3590.0,1427862.58,25.14,5.5
Región Metropolitana De Santiago,131,Santiago,13113,La Reina,Plaza Ossandón,1311305.0,4.0,75.0,443.0,1407.0,1704.0,3633.0,3190820.15,11.39,5.17
Región Metropolitana De Santiago,131,Santiago,13113,La Reina,La Reina,1311306.0,4.0,49.0,183.0,492.0,1025.0,1753.0,9710979.42,1.81,2.25
Región Metropolitana De Santiago,131,Santiago,13113,La Reina,Aeródromo Tobalaba,1311307.0,74.0,547.0,2879.0,2401.0,1020.0,6921.0,4043128.58,17.12,3.6
Región Metropolitana De Santiago,131,Santiago,13114,Las Condes,Escuela Militar,1311401.0,4.0,90.0,664.0,2180.0,2852.0,5790.0,2480098.32,23.35,30.37
Región Metropolitana De Santiago,131,Santiago,13114,Las Condes,Estadio Palestino,1311402.0,0.0,37.0,307.0,1046.0,1295.0,2685.0,1323504.79,20.29,26.92
Región Metropolitana De Santiago,131,Santiago,13114,Las Condes,Hospital Fach,1311403.0,0.0,153.0,602.0,1451.0,1428.0,3634.0,1830457.77,19.85,22.9
Región Metropolitana De Santiago,131,Santiago,13114,Las Condes,Las Condes,1311404.0,1.0,20.0,273.0,1122.0,1754.0,3170.0,7665421.91,4.14,7.88
Región Metropolitana De Santiago,131,Santiago,13114,Las Condes,Estadio Italiano,1311405.0,0.0,40.0,402.0,1566.0,2101.0,4109.0,1329119.6,30.92,18.23
Región Metropolitana De Santiago,131,Santiago,13114,Las Condes,Los Domínicos,1311406.0,2.0,37.0,217.0,860.0,956.0,2072.0,1118176.65,18.53,10.92
Región Metropolitana De Santiago,131,Santiago,13114,Las Condes,Cerro Apoquindo,1311407.0,12.0,162.0,953.0,1292.0,1461.0,3880.0,15738125.6,2.47,1.83
Región Metropolitana De Santiago,131,Santiago,13114,Las Condes,Chapiquiña,1311408.0,2.0,138.0,808.0,2242.0,2008.0,5198.0,1944834.14,26.73,17.87
Región Metropolitana De Santiago,131,Santiago,13114,Las Condes,El Pillán,1311409.0,1.0,50.0,432.0,1699.0,2056.0,4238.0,1442949.28,29.37,13.76
Región Metropolitana De Santiago,131,Santiago,13114,Las Condes,Sebastián El Cano,1311410.0,3.0,86.0,661.0,2552.0,2764.0,6066.0,1596573.73,37.99,13.36
Región Metropolitana De Santiago,131,Santiago,13114,Las Condes,Estadio Español,1311411.0,5.0,186.0,999.0,3303.0,2525.0,7018.0,1566011.58,44.81,21.36
Región Metropolitana De Santiago,131,Santiago,13114,Las Condes,Vaticano,1311412.0,9.0,272.0,1454.0,3262.0,1478.0,6475.0,1643882.73,39.39,16.64
Región Metropolitana De Santiago,131,Santiago,13114,Las Condes,Cerro San Luis,1311413.0,6.0,146.0,857.0,2812.0,5135.0,8956.0,2843645.97,31.49,40.83
Región Metropolitana De Santiago,131,Santiago,13114,Las Condes,Hospital de Carabineros,1311414.0,132.0,509.0,1852.0,1483.0,752.0,4728.0,41548474.6,1.14,0.8
Región Metropolitana De Santiago,131,Santiago,13114,Las Condes,San Carlos de Apoquindo,1311415.0,3.0,35.0,394.0,1219.0,785.0,2436.0,9239740.18,2.64,5.07
Región Metropolitana De Santiago,131,Santiago,13114,Las Condes,Cerro Calán,1311416.0,16.0,201.0,989.0,1852.0,1026.0,4084.0,5255254.72,7.77,7.13
Región Metropolitana De Santiago,131,Santiago,13115,Lo Barnechea,La Dehesa,1311501.0,78.0,500.0,2444.0,3081.0,429.0,6532.0,130242983.0,0.5,1.56
Región Metropolitana De Santiago,131,Santiago,13115,Lo Barnechea,El Arrayán,1311502.0,348.0,1457.0,1252.0,1222.0,86.0,4365.0,259078756.0,0.17,0.28
Región Metropolitana De Santiago,131,Santiago,13115,Lo Barnechea,Farellones,1311503.0,15.0,109.0,54.0,34.0,2.0,214.0,625161849.0,0.0,0.2
Región Metropolitana De Santiago,131,Santiago,13115,Lo Barnechea,Lo Barnechea,1311504.0,543.0,2356.0,1494.0,835.0,40.0,5268.0,10654735.1,4.94,3.88
Región Metropolitana De Santiago,131,Santiago,13116,Lo Espejo,Lo Espejo,1311601.0,590.0,3231.0,1562.0,426.0,14.0,5823.0,1758939.78,33.11,2.92
Región Metropolitana De Santiago,131,Santiago,13116,Lo Espejo,Las Torres,1311602.0,283.0,1867.0,1124.0,262.0,13.0,3549.0,814025.19,43.6,3.32
Región Metropolitana De Santiago,131,Santiago,13116,Lo Espejo,Población Caro Sur,1311603.0,612.0,2562.0,1180.0,205.0,7.0,4566.0,969211.9,47.11,4.35
Región Metropolitana De Santiago,131,Santiago,13116,Lo Espejo,Población Caro Norte,1311604.0,564.0,2344.0,1227.0,269.0,13.0,4417.0,1010921.24,43.69,4.3
Región Metropolitana De Santiago,131,Santiago,13116,Lo Espejo,Quiriquina,1311605.0,128.0,910.0,540.0,115.0,6.0,1699.0,367311.85,46.25,4.47
Región Metropolitana De Santiago,131,Santiago,13116,Lo Espejo,Carlos Dittborn,1311606.0,277.0,1729.0,911.0,212.0,6.0,3135.0,663729.92,47.23,4.37
Región Metropolitana De Santiago,131,Santiago,13116,Lo Espejo,Clara Estrella,1311607.0,424.0,2502.0,1750.0,545.0,30.0,5251.0,2608735.65,20.13,3.07
Región Metropolitana De Santiago,131,Santiago,13117,Lo Prado,Lo Prado,1311701.0,239.0,1732.0,1571.0,511.0,48.0,4101.0,933700.91,43.92,4.96
Región Metropolitana De Santiago,131,Santiago,13117,Lo Prado,Blanqueado,1311702.0,251.0,2008.0,1526.0,469.0,28.0,4282.0,883488.32,48.47,4.69
Región Metropolitana De Santiago,131,Santiago,13117,Lo Prado,Territorio Antártico,1311703.0,364.0,2597.0,1784.0,613.0,40.0,5398.0,1249797.01,43.19,3.05
Región Metropolitana De Santiago,131,Santiago,13117,Lo Prado,California,1311704.0,310.0,1922.0,1801.0,1060.0,270.0,5363.0,1202952.89,44.58,7.01
Región Metropolitana De Santiago,131,Santiago,13117,Lo Prado,Oscar Bonilla,1311705.0,117.0,1504.0,1918.0,926.0,128.0,4593.0,871975.98,52.67,4.79
Región Metropolitana De Santiago,131,Santiago,13117,Lo Prado,Costa Rica,1311706.0,90.0,958.0,1032.0,380.0,27.0,2487.0,499995.23,49.74,5.14
Región Metropolitana De Santiago,131,Santiago,13117,Lo Prado,Neptuno,1311707.0,99.0,951.0,1092.0,564.0,71.0,2777.0,956681.54,29.03,4.51
Región Metropolitana De Santiago,131,Santiago,13118,Macul,Lo Plaza,1311801.0,187.0,1310.0,1643.0,936.0,172.0,4248.0,1304277.83,32.57,7.85
Región Metropolitana De Santiago,131,Santiago,13118,Macul,Macul,1311802.0,185.0,1652.0,2338.0,2185.0,560.0,6920.0,2560931.73,27.02,8.14
Región Metropolitana De Santiago,131,Santiago,13118,Macul,Pedreros,1311803.0,159.0,1478.0,2229.0,2042.0,496.0,6404.0,2944739.99,21.75,6.69
Región Metropolitana De Santiago,131,Santiago,13118,Macul,Camino Agrícola,1311804.0,109.0,1279.0,1863.0,1320.0,308.0,4879.0,1941906.73,25.12,9.15
Región Metropolitana De Santiago,131,Santiago,13118,Macul,Villa Santa Carolina,1311805.0,31.0,445.0,1002.0,1158.0,247.0,2883.0,2507307.39,11.5,9.58
Región Metropolitana De Santiago,131,Santiago,13118,Macul,Ignacio Carrera Pinto,1311806.0,84.0,1619.0,2334.0,2094.0,346.0,6477.0,1505699.43,43.02,5.86
Región Metropolitana De Santiago,131,Santiago,13119,Maipú,Cinco de Abril,1311901.0,61.0,996.0,1568.0,1679.0,314.0,4618.0,2248291.01,20.54,6.1
Región Metropolitana De Santiago,131,Santiago,13119,Maipú,Los Libertadores,1311902.0,212.0,2962.0,4735.0,3454.0,457.0,11820.0,3442124.72,34.34,3.57
Región Metropolitana De Santiago,131,Santiago,13119,Maipú,Ramón Freire,1311903.0,158.0,1860.0,1560.0,774.0,29.0,4381.0,1641956.3,26.68,4.04
Región Metropolitana De Santiago,131,Santiago,13119,Maipú,Feria Internacional,1311904.0,5.0,81.0,68.0,22.0,0.0,176.0,1095148.5,1.61,2.11
Región Metropolitana De Santiago,131,Santiago,13119,Maipú,Las Industrias,1311905.0,116.0,1615.0,1999.0,935.0,26.0,4691.0,12557316.9,3.74,2.15
Región Metropolitana De Santiago,131,Santiago,13119,Maipú,San Martín,1311906.0,39.0,772.0,1231.0,888.0,54.0,2984.0,999067.69,29.87,7.53
Región Metropolitana De Santiago,131,Santiago,13119,Maipú,Maipú Poniente,1311907.0,674.0,5795.0,6237.0,2443.0,169.0,15318.0,9752940.24,15.71,1.73
Región Metropolitana De Santiago,131,Santiago,13119,Maipú,Portales,1311908.0,163.0,1323.0,1553.0,971.0,167.0,4177.0,1366003.5,30.58,6.42
Región Metropolitana De Santiago,131,Santiago,13119,Maipú,Templo Votivo,1311909.0,21.0,557.0,806.0,745.0,81.0,2210.0,1173513.79,18.83,5.31
Región Metropolitana De Santiago,131,Santiago,13119,Maipú,O'Higgins,1311910.0,23.0,507.0,939.0,852.0,243.0,2564.0,1141248.01,22.47,5.71
Región Metropolitana De Santiago,131,Santiago,13119,Maipú,Las Heras,1311911.0,87.0,1261.0,1255.0,494.0,51.0,3148.0,962662.55,32.7,4.84
Región Metropolitana De Santiago,131,Santiago,13119,Maipú,Blanco Encalada,1311912.0,73.0,1093.0,1683.0,737.0,69.0,3655.0,1116274.62,32.74,5.32
Región Metropolitana De Santiago,131,Santiago,13119,Maipú,La Rinconada,1311913.0,27.0,268.0,212.0,29.0,2.0,538.0,59109991.0,0.09,0.28
Región Metropolitana De Santiago,131,Santiago,13119,Maipú,Las Lomas,1311914.0,88.0,2026.0,3947.0,3385.0,345.0,9791.0,17367936.8,5.64,1.59
Región Metropolitana De Santiago,131,Santiago,13119,Maipú,Esquina Blanca,1311915.0,24.0,163.0,167.0,72.0,0.0,426.0,1820491.13,2.34,3.86
Región Metropolitana De Santiago,131,Santiago,13119,Maipú,Nueva San Martín,1311916.0,26.0,807.0,1657.0,1439.0,158.0,4087.0,1223270.35,33.41,4.75
Región Metropolitana De Santiago,131,Santiago,13119,Maipú,San José,1311917.0,37.0,1272.0,2519.0,1978.0,160.0,5966.0,1840678.08,32.41,5.89
Región Metropolitana De Santiago,131,Santiago,13119,Maipú,El Carmen,1311918.0,103.0,2031.0,3490.0,2225.0,214.0,8063.0,1980717.49,40.71,4.94
Región Metropolitana De Santiago,131,Santiago,13119,Maipú,El Bosque,1311919.0,66.0,1683.0,3823.0,3319.0,445.0,9336.0,7178251.92,13.01,1.88
Región Metropolitana De Santiago,131,Santiago,13119,Maipú,Los Pajaritos,1311920.0,63.0,1694.0,4987.0,5273.0,942.0,12959.0,3280514.16,39.5,6.95
Región Metropolitana De Santiago,131,Santiago,13119,Maipú,Las Parcelas,1311921.0,11.0,400.0,1725.0,2432.0,893.0,5461.0,1568412.38,34.82,6.76
Región Metropolitana De Santiago,131,Santiago,13119,Maipú,Simón Bolivar,1311922.0,30.0,471.0,1547.0,1790.0,502.0,4340.0,898112.96,48.32,6.71
Región Metropolitana De Santiago,131,Santiago,13119,Maipú,Ciudad Satélite,1311923.0,11.0,285.0,1155.0,2287.0,1255.0,4993.0,3917443.91,12.75,0.64
Región Metropolitana De Santiago,131,Santiago,13120,Ñuñoa,Simón Bolivar,1312001.0,1.0,235.0,1152.0,3459.0,2135.0,6982.0,1734056.76,40.26,17.24
Región Metropolitana De Santiago,131,Santiago,13120,Ñuñoa,Pucar ,1312002.0,11.0,406.0,1377.0,2881.0,1424.0,6099.0,2047992.59,29.78,13.25
Región Metropolitana De Santiago,131,Santiago,13120,Ñuñoa,Plaza Los Guindos,1312003.0,2.0,163.0,565.0,1294.0,367.0,2391.0,880824.96,27.15,12.26
Región Metropolitana De Santiago,131,Santiago,13120,Ñuñoa,Chacra Valparaíso,1312004.0,8.0,591.0,1558.0,2420.0,783.0,5360.0,1553771.6,34.5,16.01
Región Metropolitana De Santiago,131,Santiago,13120,Ñuñoa,Plaza Ñunoa,1312005.0,11.0,291.0,1044.0,1883.0,346.0,3575.0,1374383.01,26.01,13.65
Región Metropolitana De Santiago,131,Santiago,13120,Ñuñoa,Santa Julia,1312006.0,34.0,808.0,1929.0,2363.0,715.0,5849.0,1569923.04,37.26,9.5
Región Metropolitana De Santiago,131,Santiago,13120,Ñuñoa,Plaza Zañartu,1312007.0,36.0,605.0,1676.0,2315.0,1152.0,5784.0,1575727.21,36.71,10.34
Región Metropolitana De Santiago,131,Santiago,13120,Ñuñoa,Estadio Nacional,1312008.0,121.0,924.0,1218.0,630.0,100.0,2993.0,1746498.57,17.14,8.3
Región Metropolitana De Santiago,131,Santiago,13120,Ñuñoa,Piscina Mundt,1312009.0,42.0,839.0,1279.0,1199.0,99.0,3458.0,939723.78,36.8,11.08
Región Metropolitana De Santiago,131,Santiago,13120,Ñuñoa,Crescente Errázuriz,1312010.0,30.0,627.0,1777.0,2651.0,591.0,5676.0,1947634.06,29.14,15.59
Región Metropolitana De Santiago,131,Santiago,13120,Ñuñoa,Hospital de Carabineros,1312011.0,24.0,539.0,1589.0,1978.0,291.0,4421.0,1458418.83,30.31,16.27
Región Metropolitana De Santiago,131,Santiago,13121,Pedro Aguirre Cerda,La Victoria,1312101.0,367.0,1987.0,1422.0,495.0,29.0,4300.0,924105.48,46.53,6.46
Región Metropolitana De Santiago,131,Santiago,13121,Pedro Aguirre Cerda,Estadio Yarur,1312102.0,256.0,2045.0,1561.0,678.0,16.0,4556.0,1629042.65,27.97,7.27
Región Metropolitana De Santiago,131,Santiago,13121,Pedro Aguirre Cerda,La Marina,1312103.0,177.0,1665.0,1467.0,739.0,51.0,4099.0,1404079.79,29.19,4.53
Región Metropolitana De Santiago,131,Santiago,13121,Pedro Aguirre Cerda,Miguel Dávila,1312104.0,286.0,1874.0,1496.0,573.0,44.0,4273.0,1221208.3,34.99,4.5
Región Metropolitana De Santiago,131,Santiago,13121,Pedro Aguirre Cerda,La Feria,1312105.0,391.0,1843.0,1217.0,335.0,28.0,3814.0,795603.82,47.94,5.05
Región Metropolitana De Santiago,131,Santiago,13121,Pedro Aguirre Cerda,Lo Valledor Norte,1312106.0,377.0,1673.0,991.0,231.0,11.0,3283.0,1318484.47,24.9,4.62
Región Metropolitana De Santiago,131,Santiago,13121,Pedro Aguirre Cerda,Lo Valledor Sur,1312107.0,132.0,849.0,1655.0,861.0,142.0,3639.0,932372.98,39.03,4.24
Región Metropolitana De Santiago,131,Santiago,13121,Pedro Aguirre Cerda,Navidad,1312108.0,9.0,122.0,946.0,563.0,120.0,1760.0,424357.83,41.47,4.65
Región Metropolitana De Santiago,131,Santiago,13122,Peñalolen,José Arrieta,1312201.0,307.0,1771.0,1438.0,734.0,202.0,4452.0,1410681.28,31.56,6.54
Región Metropolitana De Santiago,131,Santiago,13122,Peñalolen,Peñalolén,1312202.0,261.0,1849.0,2332.0,1156.0,191.0,5789.0,1361994.96,42.5,4.14
Región Metropolitana De Santiago,131,Santiago,13122,Peñalolen,Lo Hermida,1312203.0,208.0,1259.0,2808.0,3117.0,336.0,7728.0,26122380.2,2.96,1.39
Región Metropolitana De Santiago,131,Santiago,13122,Peñalolen,Torres de Macul,1312204.0,284.0,2031.0,1687.0,697.0,57.0,4756.0,1308636.25,36.34,3.55
Región Metropolitana De Santiago,131,Santiago,13122,Peñalolen,Viña Macul,1312205.0,138.0,1149.0,1211.0,1069.0,111.0,3678.0,4815334.77,7.64,5.18
Región Metropolitana De Santiago,131,Santiago,13122,Peñalolen,Villa Los Lagos,1312206.0,748.0,2456.0,1594.0,494.0,43.0,5335.0,1223841.48,43.59,5.0
Región Metropolitana De Santiago,131,Santiago,13122,Peñalolen,Avenida Parque,1312207.0,519.0,2415.0,1566.0,518.0,15.0,5033.0,994311.41,50.62,5.29
Región Metropolitana De Santiago,131,Santiago,13122,Peñalolen,Quebrada Camarones,1312208.0,455.0,2201.0,1556.0,551.0,47.0,4810.0,1108797.91,43.38,2.39
Región Metropolitana De Santiago,131,Santiago,13122,Peñalolen,Diagonal Las Torres,1312209.0,160.0,1139.0,1588.0,847.0,246.0,3980.0,12704156.6,3.13,0.81
Región Metropolitana De Santiago,131,Santiago,13122,Peñalolen,Gabriela Mistral,1312210.0,149.0,1349.0,1890.0,847.0,109.0,4344.0,1068676.23,40.65,3.18
Región Metropolitana De Santiago,131,Santiago,13122,Peñalolen,Simón Bolivar,1312211.0,156.0,1790.0,3357.0,1286.0,244.0,6833.0,1428838.27,47.82,3.13
Región Metropolitana De Santiago,131,Santiago,13123,Providencia,Condell,1312301.0,10.0,274.0,1180.0,2414.0,1505.0,5383.0,2090465.48,25.75,16.77
Región Metropolitana De Santiago,131,Santiago,13123,Providencia,Pedro de Valdivia,1312302.0,6.0,185.0,1129.0,3239.0,2558.0,7117.0,1705135.63,41.74,21.62
Región Metropolitana De Santiago,131,Santiago,13123,Providencia,Los Leones,1312303.0,4.0,283.0,1605.0,4159.0,3725.0,9776.0,1682412.99,58.11,27.95
Región Metropolitana De Santiago,131,Santiago,13123,Providencia,Pocuro,1312304.0,21.0,580.0,2942.0,5459.0,2054.0,11056.0,2708508.61,40.82,19.15
Región Metropolitana De Santiago,131,Santiago,13123,Providencia,Diego de Almagro,1312305.0,26.0,425.0,1237.0,1066.0,72.0,2826.0,953207.6,29.65,12.68
Región Metropolitana De Santiago,131,Santiago,13123,Providencia,Parque Bustamante,1312306.0,33.0,672.0,1936.0,1462.0,115.0,4218.0,923020.65,45.7,15.46
Región Metropolitana De Santiago,131,Santiago,13123,Providencia,Pedro Valdivia Norte,1312307.0,20.0,286.0,895.0,1078.0,121.0,2400.0,3343159.46,7.18,11.58
Región Metropolitana De Santiago,131,Santiago,13123,Providencia,Hospital Militar,1312308.0,13.0,307.0,952.0,1069.0,104.0,2445.0,904682.39,27.03,41.13
Región Metropolitana De Santiago,131,Santiago,13124,Pudahuel,Municipalidad,1312401.0,303.0,1857.0,1145.0,282.0,14.0,3601.0,1128840.4,31.9,4.97
Región Metropolitana De Santiago,131,Santiago,13124,Pudahuel,Embalse Lo Prado,1312402.0,228.0,2325.0,2095.0,566.0,29.0,5243.0,4117501.21,12.73,3.05
Región Metropolitana De Santiago,131,Santiago,13124,Pudahuel,Barrancas,1312403.0,98.0,1485.0,1012.0,282.0,15.0,2892.0,904233.2,31.98,4.42
Región Metropolitana De Santiago,131,Santiago,13124,Pudahuel,La Estrella,1312404.0,98.0,1829.0,2049.0,647.0,64.0,4687.0,1013150.23,46.26,3.96
Región Metropolitana De Santiago,131,Santiago,13124,Pudahuel,Estrella de Chile,1312405.0,82.0,1376.0,1545.0,556.0,30.0,3589.0,896099.29,40.05,3.66
Región Metropolitana De Santiago,131,Santiago,13124,Pudahuel,Santa Corina,1312406.0,724.0,7544.0,8811.0,3973.0,192.0,21244.0,23056805.5,9.21,1.68
Región Metropolitana De Santiago,131,Santiago,13124,Pudahuel,Lo Aguirre,1312407.0,64.0,351.0,246.0,106.0,4.0,771.0,118501995.0,0.07,0.48
Región Metropolitana De Santiago,131,Santiago,13124,Pudahuel,Pudahuel,1312408.0,38.0,356.0,125.0,45.0,2.0,566.0,46076983.6,0.12,0.86
Región Metropolitana De Santiago,131,Santiago,13124,Pudahuel,Federico Errázuriz,1312409.0,489.0,2785.0,1269.0,276.0,6.0,4825.0,1275304.97,37.83,4.46
Región Metropolitana De Santiago,131,Santiago,13124,Pudahuel,San Daniel,1312410.0,255.0,1889.0,1144.0,299.0,9.0,3596.0,669306.24,53.73,4.0
Región Metropolitana De Santiago,131,Santiago,13125,Quilicura,Quilicura,1312501.0,236.0,2746.0,1933.0,1090.0,30.0,6035.0,9344138.92,6.46,1.8
Región Metropolitana De Santiago,131,Santiago,13125,Quilicura,Lo Echevers,1312502.0,445.0,5573.0,6720.0,2725.0,186.0,15649.0,22479816.6,6.96,1.42
Región Metropolitana De Santiago,131,Santiago,13125,Quilicura,San Ignacio,1312503.0,28.0,88.0,50.0,11.0,1.0,178.0,15210262.6,0.12,1.85
Región Metropolitana De Santiago,131,Santiago,13125,Quilicura,Manuel Antonio Matta,1312504.0,294.0,3193.0,4731.0,3060.0,368.0,11646.0,9726185.03,11.97,2.75
Región Metropolitana De Santiago,131,Santiago,13126,Quinta Normal,Municipalidad,1312601.0,139.0,1091.0,1028.0,462.0,45.0,2765.0,1268233.21,21.8,5.25
Región Metropolitana De Santiago,131,Santiago,13126,Quinta Normal,Carrascal,1312602.0,241.0,1763.0,1586.0,714.0,49.0,4353.0,2186867.22,19.91,4.2
Región Metropolitana De Santiago,131,Santiago,13126,Quinta Normal,Yungay,1312603.0,58.0,404.0,359.0,204.0,15.0,1040.0,1013233.18,10.26,4.76
Región Metropolitana De Santiago,131,Santiago,13126,Quinta Normal,Villa Sana,1312604.0,113.0,779.0,660.0,326.0,27.0,1905.0,810346.82,23.51,5.21
Región Metropolitana De Santiago,131,Santiago,13126,Quinta Normal,Quidora,1312605.0,145.0,1245.0,1107.0,528.0,65.0,3090.0,1333913.07,23.16,4.32
Región Metropolitana De Santiago,131,Santiago,13126,Quinta Normal,Mercurio,1312606.0,297.0,1911.0,1723.0,684.0,84.0,4699.0,1381449.7,34.01,4.07
Región Metropolitana De Santiago,131,Santiago,13126,Quinta Normal,Cónsul Poinsett,1312607.0,86.0,998.0,917.0,411.0,27.0,2439.0,1101284.19,22.15,3.79
Región Metropolitana De Santiago,131,Santiago,13126,Quinta Normal,Catamarca,1312608.0,333.0,2201.0,1622.0,553.0,34.0,4743.0,1490897.25,31.81,3.75
Región Metropolitana De Santiago,131,Santiago,13126,Quinta Normal,Frontera,1312609.0,296.0,1918.0,1430.0,474.0,24.0,4142.0,1180471.16,35.09,3.9
Región Metropolitana De Santiago,131,Santiago,13127,Recoleta,Recoleta,1312701.0,72.0,452.0,454.0,283.0,18.0,1279.0,806193.0,15.86,9.36
Región Metropolitana De Santiago,131,Santiago,13127,Recoleta,Cerro Blanco,1312702.0,119.0,829.0,954.0,604.0,68.0,2574.0,1359392.93,18.93,8.44
Región Metropolitana De Santiago,131,Santiago,13127,Recoleta,Cementerio General,1312703.0,36.0,414.0,308.0,172.0,9.0,939.0,1500280.03,6.26,5.58
Región Metropolitana De Santiago,131,Santiago,13127,Recoleta,Lo Aránguiz,1312704.0,305.0,1963.0,1686.0,649.0,46.0,4649.0,1000613.81,46.46,5.06
Región Metropolitana De Santiago,131,Santiago,13127,Recoleta,Salzburgo,1312705.0,311.0,1729.0,1145.0,263.0,15.0,3463.0,731566.05,47.34,4.56
Región Metropolitana De Santiago,131,Santiago,13127,Recoleta,Cementerio Israelita,1312706.0,414.0,2717.0,2054.0,771.0,61.0,6017.0,1762240.61,34.14,5.38
Región Metropolitana De Santiago,131,Santiago,13127,Recoleta,Quinta Bella,1312707.0,287.0,1593.0,993.0,330.0,16.0,3219.0,733642.26,43.88,5.5
Región Metropolitana De Santiago,131,Santiago,13127,Recoleta,Cementerio Católico,1312708.0,90.0,705.0,656.0,297.0,29.0,1777.0,816155.1,21.77,6.0
Región Metropolitana De Santiago,131,Santiago,13127,Recoleta,Regimiento Buin,1312709.0,236.0,1298.0,891.0,370.0,20.0,2815.0,2199782.32,12.8,3.69
Región Metropolitana De Santiago,131,Santiago,13127,Recoleta,Cerro San Cristóbal,1312710.0,30.0,257.0,387.0,238.0,37.0,949.0,874943.28,10.85,7.12
Región Metropolitana De Santiago,131,Santiago,13127,Recoleta,Emiliano Zapata,1312711.0,449.0,2406.0,1636.0,615.0,29.0,5135.0,1319692.51,38.91,4.48
Región Metropolitana De Santiago,131,Santiago,13127,Recoleta,Arco Iris,1312712.0,224.0,1370.0,968.0,326.0,14.0,2902.0,711446.06,40.79,5.15
Región Metropolitana De Santiago,131,Santiago,13127,Recoleta,El Salto,1312713.0,217.0,1497.0,1189.0,436.0,27.0,3366.0,1912372.31,17.6,3.53
Región Metropolitana De Santiago,131,Santiago,13128,Renca,Renca,1312801.0,233.0,1436.0,981.0,377.0,21.0,3048.0,1160278.04,26.27,3.41
Región Metropolitana De Santiago,131,Santiago,13128,Renca,Lo Ruiz,1312802.0,601.0,2844.0,1180.0,214.0,2.0,4841.0,3649491.74,13.26,2.07
Región Metropolitana De Santiago,131,Santiago,13128,Renca,José Miguel Carrera,1312803.0,181.0,1249.0,716.0,276.0,11.0,2433.0,987859.57,24.63,3.01
Región Metropolitana De Santiago,131,Santiago,13128,Renca,Santa María,1312804.0,184.0,1051.0,683.0,231.0,7.0,2156.0,1764057.54,12.22,3.85
Región Metropolitana De Santiago,131,Santiago,13128,Renca,Planta Eléctrica,1312805.0,206.0,1257.0,761.0,211.0,6.0,2441.0,894697.72,27.28,3.71
Región Metropolitana De Santiago,131,Santiago,13128,Renca,José Miguel Infante,1312806.0,487.0,2346.0,1358.0,379.0,6.0,4576.0,1341625.11,34.11,2.2
Región Metropolitana De Santiago,131,Santiago,13128,Renca,El Perejil,1312807.0,245.0,1930.0,1727.0,530.0,37.0,4469.0,10154553.5,4.4,2.38
Región Metropolitana De Santiago,131,Santiago,13128,Renca,Cerro Colorado,1312808.0,213.0,1604.0,1025.0,354.0,25.0,3221.0,2689604.02,11.98,4.11
Región Metropolitana De Santiago,131,Santiago,13128,Renca,Chungar ,1312809.0,250.0,1987.0,1607.0,376.0,23.0,4243.0,708005.17,59.93,4.94
Región Metropolitana De Santiago,131,Santiago,13128,Renca,Clotario Blest,1312810.0,238.0,1606.0,978.0,217.0,13.0,3052.0,562744.09,54.23,2.98
Región Metropolitana De Santiago,131,Santiago,13129,San Joaquín,San Joaquín,1312901.0,146.0,1299.0,1438.0,829.0,79.0,3791.0,2091245.51,18.13,7.37
Región Metropolitana De Santiago,131,Santiago,13129,San Joaquín,El Pinar,1312902.0,257.0,1684.0,1258.0,457.0,33.0,3689.0,1227059.16,30.06,4.39
Región Metropolitana De Santiago,131,Santiago,13129,San Joaquín,Edwards Bello Norte,1312903.0,315.0,1730.0,1351.0,539.0,29.0,3964.0,1404751.61,28.22,5.05
Región Metropolitana De Santiago,131,Santiago,13129,San Joaquín,Edwards Bello Sur,1312904.0,112.0,848.0,941.0,428.0,44.0,2373.0,853379.22,27.81,6.44
Región Metropolitana De Santiago,131,Santiago,13129,San Joaquín,La Castrina,1312905.0,208.0,1613.0,1726.0,749.0,84.0,4380.0,1371760.48,31.93,4.64
Región Metropolitana De Santiago,131,Santiago,13129,San Joaquín,Pedro Mira,1312906.0,171.0,1505.0,1564.0,827.0,105.0,4172.0,1392866.75,29.95,3.49
Región Metropolitana De Santiago,131,Santiago,13129,San Joaquín,Las Industrias,1312907.0,139.0,1480.0,2206.0,812.0,92.0,4729.0,1512352.78,31.27,3.62
Región Metropolitana De Santiago,131,Santiago,13130,San Miguel,Barros Luco,1313001.0,16.0,318.0,769.0,646.0,201.0,1950.0,1560845.62,12.49,5.94
Región Metropolitana De Santiago,131,Santiago,13130,San Miguel,Lo Vial,1313002.0,48.0,590.0,1146.0,1062.0,263.0,3109.0,1724559.37,18.03,6.91
Región Metropolitana De Santiago,131,Santiago,13130,San Miguel,Lo Mena,1313003.0,191.0,1191.0,1054.0,521.0,53.0,3010.0,1021849.19,29.46,5.67
Región Metropolitana De Santiago,131,Santiago,13130,San Miguel,Atacama,1313004.0,95.0,1091.0,1504.0,1193.0,149.0,4032.0,1493016.75,27.01,6.23
Región Metropolitana De Santiago,131,Santiago,13130,San Miguel,Salesianos,1313005.0,111.0,1045.0,1537.0,1222.0,87.0,4002.0,1253214.65,31.93,8.28
Región Metropolitana De Santiago,131,Santiago,13130,San Miguel,El Llano,1313006.0,42.0,631.0,1453.0,943.0,53.0,3122.0,1304919.71,23.92,7.71
Región Metropolitana De Santiago,131,Santiago,13130,San Miguel,Ciudad del Niño,1313007.0,218.0,1325.0,1106.0,528.0,25.0,3202.0,1264065.39,25.33,6.63
Región Metropolitana De Santiago,131,Santiago,13131,San Ramón,Población Modelo,1313101.0,345.0,1956.0,1366.0,472.0,32.0,4171.0,1248153.96,33.42,5.49
Región Metropolitana De Santiago,131,Santiago,13131,San Ramón,Las Américas,1313102.0,129.0,696.0,471.0,163.0,4.0,1463.0,459046.86,31.87,3.64
Región Metropolitana De Santiago,131,Santiago,13131,San Ramón,Paraguay,1313103.0,448.0,1765.0,782.0,171.0,4.0,3170.0,703109.92,45.09,5.09
Región Metropolitana De Santiago,131,Santiago,13131,San Ramón,General Kérner,1313104.0,138.0,899.0,2324.0,750.0,61.0,4172.0,790415.58,52.78,6.24
Región Metropolitana De Santiago,131,Santiago,13131,San Ramón,La Bandera,1313105.0,38.0,581.0,3141.0,1482.0,195.0,5437.0,1433699.21,37.92,4.42
Región Metropolitana De Santiago,131,Santiago,13131,San Ramón,San Ramón,1313106.0,23.0,180.0,1191.0,828.0,192.0,2414.0,631358.03,38.24,3.3
Región Metropolitana De Santiago,131,Santiago,13131,San Ramón,Parque La Bandera,1313107.0,40.0,320.0,2379.0,1366.0,154.0,4259.0,1028727.69,41.4,5.45
Región Metropolitana De Santiago,131,Santiago,13132,Vitacura,Naciones Unidas,1313201.0,1.0,55.0,377.0,1542.0,2167.0,4142.0,2406655.02,17.21,31.83
Región Metropolitana De Santiago,131,Santiago,13132,Vitacura,Estadio Manquehue,1313202.0,5.0,320.0,1891.0,2971.0,1163.0,6350.0,4242460.74,14.97,18.85
Región Metropolitana De Santiago,131,Santiago,13132,Vitacura,Lo Curro,1313203.0,2.0,57.0,362.0,885.0,698.0,2004.0,15499084.3,1.29,3.55
Región Metropolitana De Santiago,131,Santiago,13132,Vitacura,Club de Golf,1313204.0,9.0,275.0,1329.0,3736.0,1136.0,6485.0,4383958.05,14.79,18.05
Región Metropolitana De Santiago,131,Santiago,13132,Vitacura,Vitacura,1313205.0,4.0,207.0,727.0,1612.0,339.0,2889.0,1862681.21,15.51,21.63
Región Metropolitana De Santiago,132,Cordillera,13201,Puente Alto,Puente Alto,1320101.0,443.0,2341.0,1634.0,675.0,51.0,5144.0,2534620.09,20.29,4.87
Región Metropolitana De Santiago,132,Cordillera,13201,Puente Alto,El Peral,1320102.0,91.0,968.0,1553.0,1902.0,130.0,4644.0,23501763.0,1.98,0.67
Región Metropolitana De Santiago,132,Cordillera,13201,Puente Alto,Las Vizcachas,1320103.0,421.0,3687.0,3327.0,1387.0,24.0,8846.0,19008018.1,4.65,1.62
Región Metropolitana De Santiago,132,Cordillera,13201,Puente Alto,Regimiento,1320104.0,231.0,2286.0,1581.0,639.0,15.0,4752.0,4075143.06,11.66,0.93
Región Metropolitana De Santiago,132,Cordillera,13201,Puente Alto,Bajos de Mena,1320105.0,2036.0,14371.0,8260.0,1774.0,36.0,26477.0,9497339.96,27.88,1.03
Región Metropolitana De Santiago,132,Cordillera,13201,Puente Alto,Tocornal,1320106.0,170.0,2880.0,3111.0,1100.0,73.0,7334.0,5501267.52,13.33,1.59
Región Metropolitana De Santiago,132,Cordillera,13201,Puente Alto,Gabriela,1320107.0,178.0,3405.0,3930.0,1520.0,77.0,9110.0,2615704.29,34.83,5.97
Región Metropolitana De Santiago,132,Cordillera,13201,Puente Alto,San Carlos,1320108.0,92.0,3321.0,7148.0,5481.0,552.0,16594.0,4618101.44,35.93,2.49
Región Metropolitana De Santiago,132,Cordillera,13201,Puente Alto,Sótero del Río,1320109.0,31.0,763.0,1730.0,1736.0,233.0,4493.0,1239922.56,36.24,2.78
Región Metropolitana De Santiago,132,Cordillera,13201,Puente Alto,Los Jardines,1320110.0,182.0,2045.0,2599.0,1189.0,71.0,6086.0,1501969.11,40.52,3.51
Región Metropolitana De Santiago,132,Cordillera,13201,Puente Alto,El Labrador,1320111.0,116.0,1244.0,1688.0,806.0,53.0,3907.0,889997.74,43.9,7.79
Región Metropolitana De Santiago,132,Cordillera,13201,Puente Alto,Los Toros,1320112.0,82.0,1684.0,2734.0,1860.0,182.0,6542.0,1454849.63,44.97,6.77
Región Metropolitana De Santiago,132,Cordillera,13201,Puente Alto,Arturo Prat,1320113.0,132.0,2022.0,1711.0,656.0,50.0,4571.0,1193506.88,38.3,4.76
Región Metropolitana De Santiago,132,Cordillera,13201,Puente Alto,Ejército Libertador,1320114.0,73.0,1599.0,2277.0,904.0,119.0,4972.0,2312896.44,21.5,2.17
Región Metropolitana De Santiago,132,Cordillera,13201,Puente Alto,Teniente Bello,1320115.0,133.0,848.0,1054.0,785.0,165.0,2985.0,1758941.86,16.97,3.35
Región Metropolitana De Santiago,132,Cordillera,13201,Puente Alto,Porvenir,1320116.0,206.0,1927.0,2635.0,1447.0,159.0,6374.0,3479318.05,18.32,2.66
Región Metropolitana De Santiago,132,Cordillera,13201,Puente Alto,Padre Hurtado,1320117.0,182.0,2200.0,3323.0,1770.0,94.0,7569.0,2894196.43,26.15,5.83
Región Metropolitana De Santiago,132,Cordillera,13202,Pirque,Pirque,1320201.0,81.0,391.0,339.0,304.0,32.0,1147.0,29530485.7,0.39,0.28
Región Metropolitana De Santiago,132,Cordillera,13202,Pirque,Santa Rita,1320202.0,92.0,267.0,454.0,250.0,161.0,1224.0,127724264.0,0.1,0.19
Región Metropolitana De Santiago,132,Cordillera,13202,Pirque,El Principal,1320203.0,300.0,698.0,576.0,232.0,95.0,1901.0,287477820.0,0.07,0.15
Región Metropolitana De Santiago,132,Cordillera,13203,San José De Maipo,San José,1320301.0,249.0,762.0,515.0,186.0,25.0,1737.0,140598358.0,0.12,0.17
Región Metropolitana De Santiago,132,Cordillera,13203,San José De Maipo,Río Colorado,1320302.0,30.0,56.0,20.0,4.0,0.0,110.0,1665360881.0,0.0,0.02
Región Metropolitana De Santiago,132,Cordillera,13203,San José De Maipo,San Gabriel,1320303.0,99.0,327.0,159.0,55.0,2.0,642.0,723608198.0,0.01,0.02
Región Metropolitana De Santiago,132,Cordillera,13203,San José De Maipo,Queltehues,1320304.0,11.0,41.0,25.0,12.0,0.0,89.0,2022820934.0,0.0,0.01
Región Metropolitana De Santiago,132,Cordillera,13203,San José De Maipo,El Ingenio,1320305.0,16.0,63.0,50.0,21.0,0.0,150.0,319186354.0,0.0,0.06
Región Metropolitana De Santiago,132,Cordillera,13203,San José De Maipo,El Canelo,1320306.0,100.0,342.0,349.0,210.0,9.0,1010.0,110825115.0,0.09,0.26
Región Metropolitana De Santiago,133,Chacabuco,13301,Colina,Colina,1330101.0,1677.0,4977.0,2787.0,745.0,49.0,10235.0,81454889.5,1.26,0.46
Región Metropolitana De Santiago,133,Chacabuco,13301,Colina,Chicureo,1330102.0,37.0,109.0,204.0,177.0,31.0,558.0,110549751.0,0.05,0.53
Región Metropolitana De Santiago,133,Chacabuco,13301,Colina,Algarrobal,1330103.0,286.0,656.0,746.0,332.0,89.0,2109.0,39793208.0,0.53,0.79
Región Metropolitana De Santiago,133,Chacabuco,13301,Colina,Peldehue,1330104.0,36.0,35.0,39.0,23.0,1.0,134.0,212207534.0,0.01,0.15
Región Metropolitana De Santiago,133,Chacabuco,13301,Colina,Chacabuco,1330105.0,147.0,343.0,136.0,26.0,4.0,656.0,342663080.0,0.02,0.08
Región Metropolitana De Santiago,133,Chacabuco,13301,Colina,Colina Oriente,1330106.0,824.0,2649.0,1355.0,363.0,90.0,5281.0,183686031.0,0.29,0.31
Región Metropolitana De Santiago,133,Chacabuco,13302,Lampa,Lampa,1330201.0,434.0,2199.0,1314.0,407.0,23.0,4377.0,72730651.3,0.6,0.27
Región Metropolitana De Santiago,133,Chacabuco,13302,Lampa,Chicauma,1330202.0,97.0,240.0,95.0,41.0,1.0,474.0,124573040.0,0.04,0.06
Región Metropolitana De Santiago,133,Chacabuco,13302,Lampa,Batuco,1330203.0,504.0,2089.0,1229.0,526.0,38.0,4386.0,93673538.5,0.47,0.24
Región Metropolitana De Santiago,133,Chacabuco,13302,Lampa,La Vilana,1330204.0,187.0,438.0,169.0,35.0,0.0,829.0,32491869.7,0.26,0.74
Región Metropolitana De Santiago,133,Chacabuco,13302,Lampa,Lipangue,1330205.0,138.0,209.0,67.0,22.0,0.0,436.0,125560641.0,0.03,0.33
Región Metropolitana De Santiago,133,Chacabuco,13303,Tiltil,Tiltil,1330301.0,210.0,776.0,508.0,128.0,15.0,1637.0,143552085.0,0.11,0.02
Región Metropolitana De Santiago,133,Chacabuco,13303,Tiltil,Polpaico,1330302.0,258.0,933.0,400.0,148.0,4.0,1743.0,266876300.0,0.07,0.21
Región Metropolitana De Santiago,133,Chacabuco,13303,Tiltil,Montenegro,1330303.0,20.0,118.0,38.0,5.0,1.0,182.0,89673208.9,0.02,0.0
Región Metropolitana De Santiago,133,Chacabuco,13303,Tiltil,Rungue,1330304.0,11.0,99.0,81.0,11.0,2.0,204.0,96184886.6,0.02,0.01
Región Metropolitana De Santiago,133,Chacabuco,13303,Tiltil,Caleu,1330305.0,28.0,113.0,71.0,21.0,9.0,242.0,56875052.1,0.04,0.09
Región Metropolitana De Santiago,134,Maipo,13401,San Bernardo,O'Higgins,1340101.0,61.0,524.0,708.0,486.0,25.0,1804.0,1236767.54,14.59,7.93
Región Metropolitana De Santiago,134,Maipo,13401,San Bernardo,Escuela de Infantería,1340102.0,280.0,1363.0,789.0,231.0,4.0,2667.0,957780.74,27.85,3.56
Región Metropolitana De Santiago,134,Maipo,13401,San Bernardo,Calderón de La Barca,1340103.0,542.0,2466.0,1110.0,242.0,2.0,4362.0,978107.9,44.6,4.78
Región Metropolitana De Santiago,134,Maipo,13401,San Bernardo,Santa Marta,1340104.0,674.0,2663.0,984.0,234.0,0.0,4555.0,1136176.19,40.09,4.96
Región Metropolitana De Santiago,134,Maipo,13401,San Bernardo,Hospital,1340105.0,283.0,2366.0,2067.0,649.0,52.0,5417.0,1405328.07,38.55,4.33
Región Metropolitana De Santiago,134,Maipo,13401,San Bernardo,Cerro Negro,1340106.0,751.0,5634.0,4429.0,1209.0,85.0,12108.0,19840866.9,6.1,0.86
Región Metropolitana De Santiago,134,Maipo,13401,San Bernardo,Maestranza,1340107.0,3.0,107.0,276.0,462.0,107.0,955.0,1812109.08,5.27,2.09
Región Metropolitana De Santiago,134,Maipo,13401,San Bernardo,Nos,1340108.0,347.0,2703.0,3765.0,1959.0,169.0,8943.0,21692135.2,4.12,0.94
Región Metropolitana De Santiago,134,Maipo,13401,San Bernardo,Nogales,1340109.0,210.0,1726.0,1711.0,911.0,72.0,4630.0,2114725.49,21.89,3.4
Región Metropolitana De Santiago,134,Maipo,13401,San Bernardo,Tejas de Chena,1340110.0,475.0,2269.0,1846.0,750.0,61.0,5401.0,1771750.98,30.48,3.84
Región Metropolitana De Santiago,134,Maipo,13401,San Bernardo,Chena,1340111.0,165.0,1424.0,1779.0,1044.0,124.0,4536.0,34934099.3,1.3,0.68
Región Metropolitana De Santiago,134,Maipo,13401,San Bernardo,Lo Herrera,1340112.0,314.0,769.0,380.0,98.0,10.0,1571.0,51060409.9,0.31,0.24
Región Metropolitana De Santiago,134,Maipo,13401,San Bernardo,Estación,1340113.0,320.0,1702.0,1119.0,349.0,19.0,3509.0,894566.54,39.23,2.7
Región Metropolitana De Santiago,134,Maipo,13401,San Bernardo,Los Morros,1340114.0,524.0,1435.0,731.0,245.0,12.0,2947.0,13670094.3,2.16,0.98
Región Metropolitana De Santiago,134,Maipo,13402,Buin,Buin,1340201.0,742.0,2915.0,2519.0,986.0,112.0,7274.0,17323448.3,4.2,1.03
Región Metropolitana De Santiago,134,Maipo,13402,Buin,Alto Jahuel,1340202.0,351.0,788.0,383.0,108.0,9.0,1639.0,46967943.5,0.35,0.33
Región Metropolitana De Santiago,134,Maipo,13402,Buin,Linderos,1340203.0,285.0,844.0,462.0,178.0,27.0,1796.0,33655324.6,0.53,0.28
Región Metropolitana De Santiago,134,Maipo,13402,Buin,Maipo,1340204.0,243.0,1197.0,752.0,300.0,14.0,2506.0,23862463.8,1.05,0.51
Región Metropolitana De Santiago,134,Maipo,13402,Buin,Valdivia de Paine,1340205.0,489.0,1121.0,517.0,104.0,11.0,2242.0,64171401.1,0.35,0.19
Región Metropolitana De Santiago,134,Maipo,13402,Buin,El Recurso,1340206.0,192.0,442.0,242.0,71.0,13.0,960.0,32868339.8,0.29,0.29
Región Metropolitana De Santiago,134,Maipo,13403,Calera De Tango,Calera de Tango,1340301.0,143.0,337.0,247.0,118.0,7.0,852.0,13457081.2,0.63,0.36
Región Metropolitana De Santiago,134,Maipo,13403,Calera De Tango,San Agustín,1340302.0,38.0,230.0,285.0,190.0,33.0,776.0,19547081.3,0.4,0.25
Región Metropolitana De Santiago,134,Maipo,13403,Calera De Tango,Santa Inés,1340303.0,14.0,130.0,128.0,80.0,4.0,356.0,10156666.0,0.35,0.15
Región Metropolitana De Santiago,134,Maipo,13403,Calera De Tango,Calera de Tango Sur,1340304.0,57.0,318.0,159.0,136.0,12.0,682.0,15821913.9,0.43,0.22
Región Metropolitana De Santiago,134,Maipo,13403,Calera De Tango,Bajos de San Agustín,1340305.0,158.0,797.0,629.0,218.0,29.0,1831.0,14013571.7,1.31,0.29
Región Metropolitana De Santiago,134,Maipo,13404,Paine,Paine,1340401.0,181.0,841.0,563.0,184.0,32.0,1801.0,10595343.4,1.7,0.46
Región Metropolitana De Santiago,134,Maipo,13404,Paine,Huelquén,1340402.0,178.0,556.0,389.0,91.0,15.0,1229.0,100543662.0,0.12,0.21
Región Metropolitana De Santiago,134,Maipo,13404,Paine,Hospital,1340403.0,214.0,453.0,199.0,56.0,5.0,927.0,29350522.0,0.32,0.14
Región Metropolitana De Santiago,134,Maipo,13404,Paine,Aculeo,1340404.0,50.0,314.0,220.0,80.0,18.0,682.0,140810013.0,0.05,0.15
Región Metropolitana De Santiago,134,Maipo,13404,Paine,Chada,1340405.0,187.0,451.0,124.0,29.0,0.0,791.0,104712603.0,0.08,0.11
Región Metropolitana De Santiago,134,Maipo,13404,Paine,Paine Sur,1340406.0,545.0,1748.0,1258.0,598.0,70.0,4219.0,34751329.0,1.21,0.37
Región Metropolitana De Santiago,134,Maipo,13404,Paine,El Tránsito,1340407.0,230.0,381.0,138.0,30.0,4.0,783.0,50468669.3,0.16,0.21
Región Metropolitana De Santiago,134,Maipo,13404,Paine,Champa,1340408.0,332.0,850.0,393.0,111.0,15.0,1701.0,71132280.6,0.24,0.12
Región Metropolitana De Santiago,134,Maipo,13404,Paine,Abrantes,1340409.0,180.0,426.0,168.0,51.0,2.0,827.0,134028570.0,0.06,0.07
Región Metropolitana De Santiago,135,Melipilla,13501,Melipilla,Melipilla Poniente,1350101.0,652.0,2579.0,1742.0,573.0,26.0,5572.0,5094839.81,10.94,1.7
Región Metropolitana De Santiago,135,Melipilla,13501,Melipilla,Melipilla Oriente,1350102.0,798.0,2710.0,1718.0,547.0,19.0,5792.0,15905072.5,3.64,0.65
Región Metropolitana De Santiago,135,Melipilla,13501,Melipilla,Chocalán,1350103.0,194.0,586.0,259.0,70.0,6.0,1115.0,160627939.0,0.07,0.07
Región Metropolitana De Santiago,135,Melipilla,13501,Melipilla,Cholqui,1350104.0,63.0,148.0,135.0,42.0,4.0,392.0,144708256.0,0.03,0.03
Región Metropolitana De Santiago,135,Melipilla,13501,Melipilla,Los Guindos,1350105.0,61.0,79.0,25.0,7.0,0.0,172.0,195360985.0,0.01,0.01
Región Metropolitana De Santiago,135,Melipilla,13501,Melipilla,Maitenes,1350106.0,123.0,212.0,47.0,15.0,1.0,398.0,115042245.0,0.03,0.02
Región Metropolitana De Santiago,135,Melipilla,13501,Melipilla,Culiprán,1350107.0,192.0,363.0,160.0,35.0,3.0,753.0,78479396.8,0.1,0.05
Región Metropolitana De Santiago,135,Melipilla,13501,Melipilla,Huechún,1350108.0,77.0,274.0,110.0,21.0,3.0,485.0,86714529.3,0.06,0.12
Región Metropolitana De Santiago,135,Melipilla,13501,Melipilla,Lumbrera,1350109.0,167.0,561.0,311.0,101.0,16.0,1156.0,47510078.6,0.24,0.19
Región Metropolitana De Santiago,135,Melipilla,13501,Melipilla,San José,1350110.0,122.0,341.0,152.0,41.0,1.0,657.0,65216628.8,0.1,0.09
Región Metropolitana De Santiago,135,Melipilla,13501,Melipilla,Mallarauco,1350111.0,188.0,364.0,108.0,24.0,2.0,686.0,84566636.8,0.08,0.06
Región Metropolitana De Santiago,135,Melipilla,13501,Melipilla,Pomaire,1350112.0,413.0,815.0,272.0,33.0,1.0,1534.0,69362746.2,0.22,0.2
Región Metropolitana De Santiago,135,Melipilla,13501,Melipilla,Puangue Poniente,1350113.0,29.0,46.0,21.0,6.0,0.0,102.0,88729500.5,0.01,0.03
Región Metropolitana De Santiago,135,Melipilla,13501,Melipilla,Cementerio,1350114.0,849.0,1654.0,620.0,102.0,5.0,3230.0,6710105.65,4.81,0.63
Región Metropolitana De Santiago,135,Melipilla,13501,Melipilla,Codigua,1350115.0,222.0,472.0,247.0,59.0,12.0,1012.0,67275353.9,0.15,0.05
Región Metropolitana De Santiago,135,Melipilla,13501,Melipilla,Bollenar,1350116.0,64.0,661.0,397.0,78.0,10.0,1210.0,43170840.5,0.28,0.06
Región Metropolitana De Santiago,135,Melipilla,13501,Melipilla,San Bernardo,1350117.0,17.0,312.0,221.0,50.0,5.0,605.0,67176977.1,0.09,0.15
Región Metropolitana De Santiago,135,Melipilla,13502,Alhue,Villa Alhué,1350201.0,29.0,267.0,161.0,67.0,4.0,528.0,35817751.2,0.15,0.66
Región Metropolitana De Santiago,135,Melipilla,13502,Alhue,Toro,1350202.0,10.0,74.0,52.0,12.0,2.0,150.0,66135086.1,0.02,0.01
Región Metropolitana De Santiago,135,Melipilla,13502,Alhue,Polulo,1350203.0,77.0,135.0,71.0,16.0,4.0,303.0,207206065.0,0.01,0.01
Región Metropolitana De Santiago,135,Melipilla,13502,Alhue,Yerbas Buenas,1350204.0,20.0,82.0,29.0,6.0,1.0,138.0,261876716.0,0.01,0.01
Región Metropolitana De Santiago,135,Melipilla,13502,Alhue,Carén,1350205.0,16.0,33.0,20.0,2.0,0.0,71.0,272542255.0,0.0,0.01
Región Metropolitana De Santiago,135,Melipilla,13503,Curacaví,Curacavì,1350301.0,246.0,1297.0,1095.0,384.0,50.0,3072.0,54863872.6,0.56,0.12
Región Metropolitana De Santiago,135,Melipilla,13503,Curacaví,Bustamante,1350302.0,32.0,171.0,119.0,99.0,17.0,438.0,83908849.1,0.05,0.09
Región Metropolitana De Santiago,135,Melipilla,13503,Curacaví,Lo Prado,1350303.0,80.0,293.0,240.0,53.0,6.0,672.0,94767113.8,0.07,0.07
Región Metropolitana De Santiago,135,Melipilla,13503,Curacaví,Zapata,1350304.0,34.0,84.0,94.0,36.0,7.0,255.0,64145081.5,0.04,0.1
Región Metropolitana De Santiago,135,Melipilla,13503,Curacaví,Carén,1350305.0,30.0,40.0,11.0,2.0,0.0,83.0,203532919.0,0.0,0.05
Región Metropolitana De Santiago,135,Melipilla,13503,Curacaví,Curacaví Sur,1350306.0,156.0,660.0,414.0,155.0,6.0,1391.0,34057714.9,0.41,0.13
Región Metropolitana De Santiago,135,Melipilla,13503,Curacaví,Lolenco,1350307.0,83.0,369.0,127.0,44.0,3.0,626.0,61636817.4,0.1,0.06
Región Metropolitana De Santiago,135,Melipilla,13503,Curacaví,Alhué,1350308.0,14.0,51.0,25.0,13.0,2.0,105.0,98072075.3,0.01,0.09
Región Metropolitana De Santiago,135,Melipilla,13504,María Pinto,María Pinto,1350401.0,113.0,520.0,268.0,79.0,5.0,985.0,160005217.0,0.06,0.04
Región Metropolitana De Santiago,135,Melipilla,13504,María Pinto,Lo Ovalle,1350402.0,202.0,565.0,252.0,58.0,2.0,1079.0,48315790.9,0.22,0.05
Región Metropolitana De Santiago,135,Melipilla,13504,María Pinto,Chorombo,1350403.0,74.0,194.0,42.0,14.0,2.0,326.0,73022210.2,0.04,0.06
Región Metropolitana De Santiago,135,Melipilla,13504,María Pinto,Ibacache,1350404.0,84.0,198.0,50.0,5.0,0.0,337.0,73750256.7,0.05,0.01
Región Metropolitana De Santiago,135,Melipilla,13504,María Pinto,El Parrón,1350405.0,18.0,38.0,17.0,5.0,0.0,78.0,39413163.8,0.02,0.05
Región Metropolitana De Santiago,135,Melipilla,13505,San Pedro,San Pedro,1350501.0,106.0,297.0,156.0,40.0,8.0,607.0,196465073.0,0.03,0.02
Región Metropolitana De Santiago,135,Melipilla,13505,San Pedro,Longovilo,1350502.0,47.0,85.0,124.0,23.0,6.0,285.0,109662571.0,0.03,0.08
Región Metropolitana De Santiago,135,Melipilla,13505,San Pedro,Santa Rosa,1350503.0,31.0,83.0,42.0,12.0,3.0,171.0,204061105.0,0.01,0.01
Región Metropolitana De Santiago,135,Melipilla,13505,San Pedro,Loica,1350504.0,62.0,181.0,70.0,13.0,1.0,327.0,59499889.5,0.05,0.02
Región Metropolitana De Santiago,135,Melipilla,13505,San Pedro,Corneche,1350505.0,56.0,133.0,13.0,5.0,0.0,207.0,143841173.0,0.01,0.01
Región Metropolitana De Santiago,135,Melipilla,13505,San Pedro,Nihue,1350506.0,92.0,300.0,114.0,20.0,1.0,527.0,80307575.5,0.07,0.01
Región Metropolitana De Santiago,136,Talagante,13601,Talagante,Estación,1360101.0,547.0,2435.0,2218.0,807.0,47.0,6054.0,19117709.1,3.17,0.51
Región Metropolitana De Santiago,136,Talagante,13601,Talagante,El Oliveto,1360102.0,189.0,467.0,321.0,121.0,10.0,1108.0,51864099.0,0.21,0.28
Región Metropolitana De Santiago,136,Talagante,13601,Talagante,Trebulco,1360103.0,272.0,852.0,636.0,276.0,24.0,2060.0,21778071.1,0.95,0.35
Región Metropolitana De Santiago,136,Talagante,13601,Talagante,Entrerríos,1360104.0,771.0,2958.0,1922.0,622.0,54.0,6327.0,35296075.1,1.79,0.22
Región Metropolitana De Santiago,136,Talagante,13602,El Monte,El Monte,1360201.0,698.0,2824.0,1601.0,522.0,39.0,5684.0,54579646.7,1.04,0.15
Región Metropolitana De Santiago,136,Talagante,13602,El Monte,Chiñihue,1360202.0,50.0,195.0,63.0,19.0,0.0,327.0,38738040.4,0.08,0.14
Región Metropolitana De Santiago,136,Talagante,13602,El Monte,El Paico,1360203.0,212.0,489.0,178.0,36.0,0.0,915.0,22056722.1,0.41,0.12
Región Metropolitana De Santiago,136,Talagante,13603,Isla De Maipo,Recreo,1360301.0,306.0,997.0,619.0,192.0,25.0,2139.0,35694420.0,0.6,0.16
Región Metropolitana De Santiago,136,Talagante,13603,Isla De Maipo,Isla de Maipo,1360302.0,471.0,1917.0,1204.0,540.0,74.0,4206.0,44995913.4,0.93,0.14
Región Metropolitana De Santiago,136,Talagante,13603,Isla De Maipo,Rosario,1360303.0,1.0,21.0,21.0,4.0,1.0,48.0,27500954.8,0.02,0.19
Región Metropolitana De Santiago,136,Talagante,13603,Isla De Maipo,Naltagua,1360304.0,74.0,155.0,57.0,16.0,0.0,302.0,25899623.6,0.12,0.08
Región Metropolitana De Santiago,136,Talagante,13603,Isla De Maipo,San Antonio de Naltagua,1360305.0,62.0,160.0,79.0,16.0,0.0,317.0,53230451.8,0.06,0.17
Región Metropolitana De Santiago,136,Talagante,13604,Padre Hurtado,Casa de Ejercicios,1360401.0,51.0,255.0,204.0,92.0,2.0,604.0,18124119.9,0.33,0.53
Región Metropolitana De Santiago,136,Talagante,13604,Padre Hurtado,Esperanza,1360402.0,89.0,317.0,89.0,26.0,1.0,522.0,39157976.5,0.13,0.17
Región Metropolitana De Santiago,136,Talagante,13604,Padre Hurtado,Padre Hurtado,1360403.0,422.0,2075.0,1386.0,469.0,30.0,4382.0,3696057.51,11.86,1.73
Región Metropolitana De Santiago,136,Talagante,13604,Padre Hurtado,Villa Los Silos,1360404.0,305.0,1969.0,1624.0,500.0,24.0,4422.0,6559200.8,6.74,1.0
Región Metropolitana De Santiago,136,Talagante,13604,Padre Hurtado,El Trebal,1360405.0,18.0,91.0,42.0,16.0,0.0,167.0,13248517.4,0.13,0.23
Región Metropolitana De Santiago,136,Talagante,13605,Peñaflor,Peñaflor,1360501.0,327.0,1977.0,1638.0,840.0,84.0,4866.0,38762081.3,1.26,0.29
Región Metropolitana De Santiago,136,Talagante,13605,Peñaflor,Malloco,1360502.0,627.0,2690.0,2126.0,722.0,79.0,6244.0,19511682.1,3.2,0.5
Región Metropolitana De Santiago,136,Talagante,13605,Peñaflor,Caupolicán,1360503.0,681.0,2823.0,2219.0,877.0,75.0,6675.0,10736391.6,6.22,0.56
